BioProject,Description,Center Name,Date,LibCounts,TotalReads,NonHumanReads
PRJDB10068,Microbial contamination pattern of contact lens care solutions used by allergic conjunctivitis patients.,KAGAWA,2020-06-27,15,1800000,1797188
PRJDB10133,Presence of acanthamoeba and diversified bacterialflora in poorly maintained contact lens cases.,KAGAWA,2022-07-01,59,5979204,5967470
PRJDB15234,Disturbances in the Ocular Surface Microbiome by Perioperative Antimicrobial Eye Drops.,KAGAWA,2023-02-13,64,4370400,3795562
PRJEB21503,Genomics-Based Identification of Microorganisms in Human Ocular Body Fluid,NATIONAL FOOD INSTITUTE - DTU,2017-11-08,71,9693283,19338914
PRJEB55147,"Trial reads from ocular swabs and cultures in human and mice, method paper and microbial community standards",INSELSPITAL,2023-08-29,424,15040297849,338032918
PRJNA1010661,To investigate the metagenomic characteristics of ocular surface microorganisms in diabetic children with dry eye in Shanghai.,"Shanghai General Hospital, Nanjing Medical University",2023-08-23,30,1322684276,1412568
PRJNA1036535,Analysis of Virus and Colonized Bacteria in Ocular Surface Squamous Neoplasia,"TONGJI HOSPITAL, TONGJI MEDICAL COLLEGE, HUAZHONG UNIVERSITY OF SCIENCE AND TECHNOLOGY",2023-11-09,6,336846735,44245183
PRJNA1044261,human eye metagenome Raw sequence reads,HENAN PROVINCIAL PEOPLE'S HOSPITAL,2023-11-23,70,3563156,3393630
PRJNA1048173,Ocular surface metagenome,"SHANGHAI GENERAL HOSPITAL, NANJING MEDICAL UNIVERSITY",2023-12-04,318,84119548,83416800
PRJNA1048377,Longitudinal changes of ocular surface microbiome in patients undergoing hemopoietic stem cell transplant (HSCT),NATIONAL RESEARCH COUNCIL (CNR),2023-12-19,48,6026374,5816568
PRJNA1077663,The Alterations of Ocular Surface Microbiota Facilitate the Progression of Myopia,XIANGYA HOSPITAL,2024-02-21,67,11684224,11490742
PRJNA306497,Conjunctival Microbiome Raw sequence reads,UNIVERSITY OF WASHINGTON,2015-12-18,3,13256860,940636
PRJNA328002,Eye metagenome Raw sequence reads,UCSF,2016-07-16,8,118804,117458
PRJNA381365,Diagnosing corneal infections in formalin fixed specimens using next generation sequencing,JOHNS HOPKINS SCHOOL OF MEDICINE,2021-02-22,20,105750483,200831754
PRJNA398289,human and microbial Raw sequence reads in intraocular samples,ZHONGSHAN OPHTHALMIC CENTER (ZOC),2018-02-05,225,8660493124,3409799314
PRJNA415338,Collection of biosamples from conjunctiva Metagenome,VSION RESEARCH FOUNDATION,2017-10-27,1,2675198,2661985
PRJNA429692,Infectious Etiology of Age-related Macular Degeneration,ZHONGSHAN OPHTHALMIC CENTER (ZOC),2018-02-08,236,9057636897,3764157181
PRJNA486134,Investigation of microbial pathogens in ocular adnexal extranodal marginal zone B-cell lymphoma,UNIVERSITY OF COPENHAGEN,2018-08-27,18,16047590,8187300
PRJNA564695,Composition and diversity of microbial diversity on the ocular surface of patients with MGD,SHANDONG EYE INSTITUTE,2019-09-10,89,3192000,3011992
PRJNA610482,Homo sapiens Metagenome Raw sequence reads,SHANGHAI INSTITUTES FOR BIOLOGICAL SCIENCES,2020-03-28,55,4293332268,521365002
PRJNA629667,human eye metagenome Metagenome,"EYE AND EAR, NOSE, AND THROAT HOSPITAL OF FUDAN UNIVERSITY",2020-05-21,273,16368813,16368195
PRJNA642342,microbiota from eye swab Raw sequence reads,CHULALONGKORN UNIVERSITY,2020-07-05,27,4873148,4831608
PRJNA646315,Mycobiome changes in the vitreous of post fever retinitis patients,L V PRASAD EYE INSTITUTE,2020-07-15,25,148235949,48893940
PRJNA689968,Ocular surface microbiota on human MGD eye Raw sequence reads,CHULALONGKORN UNIVERSITY,2021-01-13,34,6150786,6098614
PRJNA692666,Raw sequence reads of microbiota from corneal scrapings or conjunctival swabs,"STATE KEY LABORATORY CULTIVATION BASE, SHANDONG PROVINCIAL KEY LABORATORY OF OPHTHALMOLOGY",2021-01-19,100,2747745,2724693
PRJNA693337,Effects of Intense Pulsed Light on Tear Film TGF-beta and Microbiome in Ocular Rosacea with Dry Eye,MAYO CLINIC,2021-02-04,76,15344074,11732158
PRJNA695410,Raw sequence reads of microbiota in conjunctival swabs from patients with microbial keratitis,"STATE KEY LABORATORY CULTIVATION BASE, SHANDONG PROVINCIAL KEY LABORATORY OF OPHTHALMOLOGY",2021-01-29,149,5939132,5818745
PRJNA720296,Effects of sodium hyaluronate eye drops on ocular surface bacterial microbiota,XIAMEN UNIVERSITY,2021-04-07,64,13741234,13704136
PRJNA721101,human eye metagenome Raw sequence reads,XI'AN JIAOTONG UNIVERSITY,2021-04-14,41,1906332,1903866
PRJNA744578,16S rDNA sequence of microflora on the ocular surface of patients with blepharitis and keratitis,NORTHWEST UNIVERSITY,2021-07-09,231,36300340,36141318
PRJNA745199,Metagenomics sequencing of infectious microbes from ocular sarcoidosis tissue specimens,JOHNS HOPKINS UNIVERSITY,2021-07-09,20,62697330,56122402
PRJNA749068,Microbiome in orbital fat under thyroid associated ophthalmopathy,"BEIJING TONGREN HOSPITAL, CAPITAL MEDICAL UNIVERSITY",2021-07-26,109,20120020,20046432
PRJNA802336,Systematic Cross-biospecimen evaluation of DNA extraction kits for long- and short-read multi-metagenomic sequencing studies,CENTER FOR BIOINFORMATICS,2022-02-02,31,2416293619,1170561861
PRJNA807746,Ocular surface microbiota in patients with thyroid-associated ophthalmopathy Metagenome,SHANXI EYE HOSPITAL,2022-02-24,105,6423976,4421975
PRJNA818470,Ocular surface mycobiomes in Bacterial Keratitis patients,L V PRASAD EYE INSTITUTE,2022-03-24,66,47399930,44427831
PRJNA819236,Conjunctival Microbiome Changes of children after Orthokeratology,EYE HOSPITAL OF SHANDONG FIRST MEDICAL UNIVERSITY,2022-03-24,50,8404370,7805870
PRJNA847046,Human Ocular Metagenome,FACULTY OF PHARMACY HELWAN UNIVERSITY,2022-06-28,61,16895456,16325914
PRJNA879945,ocular surface microbiota in patients with Demodex blepharitis,SHANXI EYE HOSPITAL,2022-09-15,42,2717896,1268935
PRJNA886972,Exploratory Study on the Ocular Surface Microbiome and Correlation to Clinical Parameters,NANYANG TECHNOLOGICAL UNIVERSITY,2022-10-05,26,728912653,111958320
PRJNA894103,Study of meibomian gland microbiome in patients with meibomian gland dysfunction,MAHIDOL UNIVERSITY,2022-10-26,88,7536122,7518242
PRJNA910807,The Effect of Topical Anesthetics on 16S Ribosomal Ribonucleic Acid Amplicon Sequencing Results in Ocular Surface Microbiome Research,KU LEUVEN,2022-12-10,40,8029254,1617310
PRJNA912096,Study of microbial diversity of vitreous humor microbicolor in endophthalmitis.,SHANXI EYE HOSPITAL,2022-12-15,39,1560697,1448303
PRJNA912212,DNA extraction protocol impacts ocular surface microbiome profile,KU LEUVEN,2022-12-14,76,7657628,4852670
PRJNA937315,Endophthalmitis_metegenomic_study,CENTRO DE CIENCIAS GENOMICAS - UNIVERSIDAD NACIONAL AUTONOMA DE MEXICO,2023-02-24,9,653535328,19189202
